{"cameraMode":{"drawMode":0,"name":"Shaded","section":"Shading Mode"},"sceneLighting":true,"audioPlay":false,"sceneViewState":{"m_AlwaysRefresh":false,"showFog":true,"showSkybox":true,"showFlares":true,"showImageEffects":true,"showParticleSystems":true,"showVisualEffectGraphs":true,"m_FxEnabled":true},"in2DMode":false,"pivot":{"x":-0.31334662437438967,"y":3.781128168106079,"z":-3.408456802368164},"rotation":{"x":0.44376376271247866,"y":0.01878575049340725,"z":-0.009386815130710602,"w":0.8959128260612488},"size":5.207607746124268,"orthographic":true}