{"cameraMode":{"drawMode":0,"name":"Shaded","section":"Shading Mode"},"sceneLighting":true,"audioPlay":false,"sceneViewState":{"m_AlwaysRefresh":false,"showFog":true,"showSkybox":true,"showFlares":true,"showImageEffects":true,"showParticleSystems":true,"showVisualEffectGraphs":true,"m_FxEnabled":true},"in2DMode":false,"pivot":{"x":-5.890854835510254,"y":0.9260971546173096,"z":0.4328702986240387},"rotation":{"x":0.30830368399620058,"y":0.0228264220058918,"z":-0.007404077798128128,"w":0.9509992003440857},"size":2.3923749923706056,"orthographic":false}