{"cameraMode":{"drawMode":0,"name":"Shaded","section":"Shading Mode"},"sceneLighting":true,"audioPlay":false,"sceneViewState":{"m_AlwaysRefresh":false,"showFog":true,"showSkybox":true,"showFlares":true,"showImageEffects":true,"showParticleSystems":true,"showVisualEffectGraphs":true,"m_FxEnabled":true},"in2DMode":false,"pivot":{"x":-6.442837715148926,"y":1.1807470321655274,"z":-0.024824142456054689},"rotation":{"x":0.3506275713443756,"y":0.035106074064970019,"z":-0.013157866895198822,"w":0.9357832670211792},"size":0.5405362248420715,"orthographic":false}