{"cameraMode":{"drawMode":0,"name":"Shaded","section":"Shading Mode"},"sceneLighting":true,"audioPlay":false,"sceneViewState":{"m_AlwaysRefresh":false,"showFog":true,"showSkybox":true,"showFlares":true,"showImageEffects":true,"showParticleSystems":true,"showVisualEffectGraphs":true,"m_FxEnabled":true},"in2DMode":false,"pivot":{"x":-1.225066900253296,"y":0.19225311279296876,"z":1.8973827362060547},"rotation":{"x":0.4138668477535248,"y":-0.027311034500598909,"z":0.012400446459650994,"w":0.9098563194274902},"size":5.927285671234131,"orthographic":false}