{"cameraMode":{"drawMode":0,"name":"Shaded","section":"Shading Mode"},"sceneLighting":true,"audioPlay":false,"sceneViewState":{"m_AlwaysRefresh":false,"showFog":true,"showSkybox":true,"showFlares":true,"showImageEffects":true,"showParticleSystems":true,"showVisualEffectGraphs":true,"m_FxEnabled":true},"in2DMode":false,"pivot":{"x":-3.353100299835205,"y":9.838851928710938,"z":-8.709047317504883},"rotation":{"x":-0.29299870133399966,"y":0.057942651212215427,"z":-0.017566032707691194,"w":-0.9542393088340759},"size":10.768411636352539,"orthographic":true}