{"cameraMode":{"drawMode":0,"name":"Shaded","section":"Shading Mode"},"sceneLighting":true,"audioPlay":false,"sceneViewState":{"m_AlwaysRefresh":false,"showFog":true,"showSkybox":true,"showFlares":true,"showImageEffects":true,"showParticleSystems":true,"showVisualEffectGraphs":true,"m_FxEnabled":true},"in2DMode":false,"pivot":{"x":0.5357792973518372,"y":2.0051767826080324,"z":-0.03640341758728027},"rotation":{"x":0.24559666216373444,"y":-0.0798649862408638,"z":0.020307820290327073,"w":0.9658634066581726},"size":2.3753020763397219,"orthographic":false}