{"cameraMode":{"drawMode":0,"name":"Shaded","section":"Shading Mode"},"sceneLighting":true,"audioPlay":false,"sceneViewState":{"m_AlwaysRefresh":false,"showFog":true,"showSkybox":true,"showFlares":true,"showImageEffects":true,"showParticleSystems":true,"showVisualEffectGraphs":true,"m_FxEnabled":true},"in2DMode":false,"pivot":{"x":0.5582151412963867,"y":-1.182417869567871,"z":-0.25188255310058596},"rotation":{"x":0.5394235253334045,"y":-0.03534488007426262,"z":0.02267386205494404,"w":0.8410003781318665},"size":6.837540149688721,"orthographic":false}